迪亚斯（重庆）物流有限公司（饿了么配送合作商）,今天,33,0,送餐员/外卖骑手,7000-14000元/月,送餐员包住+0费用入职,饿了么 熟练驾驶电动 熟练使用导航 公司提供车 房补 加班补助 饭补 包住 年底双薪 交通补助 新人奖 0押金 0费用入职,招10人 学历不限 经验不限,西安 - 高新区 - 科技路西口 西安高新区地铁3号线鱼化寨 查看地图,薪资待遇:单价6-10元/单，综合薪资 7000-14000+，上不封顶。一天平均50-90单，系统派单无需抢单，配送范围就在周边三公里内。足够努力，上不封顶， 多劳多得!福利:1.底薪+全勤奖+提成+距离补贴+冲单奖+不定期节日补贴等等更多福利补贴。2.站点提供宿舍，随时欢迎入住。3.车子，装备等站点可提供。招聘条件:1.18-45岁，男女不限。2.身体健康，无犯罪记录。3.会骑电动车，会看手机导航。面试通过当天可办理入职入住。工作时间：一天累计在线8小时即可，其他时间自由安排11:00——14:00午高峰；17:00——21:00晚高峰外卖行业是凭借个人能力吃饭的行业，只要肯干，那就能赚。【晋升路径】：骑手—组长—站长—区域经理—城市经理
陕西捷巧配送服务有限公司,今天,111,0,送餐员/外卖骑手,8251-13076元/月,配送员包住包车0费用入职,不需要 公司提供车 包住 加班补助 包吃 话补 饭补 年底双薪 交通补助 提供住宿，提供车 0押金，可预支 可短期，离家近,招15人 学历不限 经验不限，可接收应届生,西安 - 碑林 - 南稍门 西安碑林西安市碑林区南稍门 查看地图,工作内容：工作内容：【任职资格】1.年龄18-50岁，男女不限，学历不限。2.没有犯罪记录。3.会骑电动车、会用导航。【招聘职位】诚聘外卖送餐员，面试通过次日可上岗。【工作亮点】系统自动派单，多劳多得，正常跑7652+，白天加班跑10000+，夜宵拼命跑12500+【工作地点】全西安就近安排站点【工作时间】10：00-14：00 17：00-21：00，其他时间自由安排，每月休4天，可调休、多劳多得、时间自由分配。【工资待遇】：底薪2700-3500，平均每天50单，每单6-12元，单量提成+福利津贴（远距离补贴、夜班补贴、高温补贴、暖冬补贴等）+新人奖励。【福利待遇】：公司提供车，提供住宿，入职就办理保险。【岗位职责】：负责以站点为中心3公里以内订单配送，入职有老骑手教。【升职空间】骑手——组长——副站长——站长——城市经理给自己一个尝试的机会，展现出一个不一样的你！大专及以上学历也可以直接应聘储备干部！面试合格当天办理入职，直接电话联系优先安排面试！想了解更多可以打电话咨询！！！
迪亚斯（重庆）物流有限公司（饿了么配送合作商）,今天,117,5,送餐员/外卖骑手,8000-15000元/月,饿了么直招外卖骑手0押,饿了么 熟练驾驶电动 熟练使用导航 公司提供车 房补 加班补助 饭补 包住 年底双薪 交通补助 新人奖 0押金 0费用入职,招6人 学历不限 经验不限,西安 - 碑林 - 小雁塔 西安碑林地铁2号线地铁5号线南稍门 查看地图,【招聘职位】饿了么站点直招送餐员，0费用入职，面试完即可入职上岗，安排住宿和提车。【任职要求】1、年龄18-45岁2、没有案底3、会骑车，会使用导航【工作时间】10：00-14：00（午高峰）， 17：00-21：00（晚高峰），其余时间可自由安排，月休假4天，可调休，可请假、多劳多得、时间自由分配。【工资待遇】底薪3500，平均每天80-160单，每单6-10元，单量提成+福利津贴（距离补贴、夜班补贴、高温补贴及暖冬补贴等）【福利待遇】站点提供车辆（无需任何押金），提供住宿（空调热水器齐全，直接拎包入住），入职办理保险。【岗位职责】负责以站点为中心3公里以内的餐食订单配送，入职安排老骑手带教，轻松上手。【升职空间】骑手——队长——运营——站长——城市经理！欢迎直接电话联系或投递简历~~~
苏州闪送网络科技有限公司,今天,1,0,送餐员/外卖骑手,7298-10296元/月,零押金月7k+外卖骑手,五险一金 加班补助 房补 饭补 包住 可预支 拎包入住 无经验可,招8人 学历不限 经验不限，可接收应届生,西安 - 未央 - 文景南路 西安未央世融嘉城世融嘉城二期 查看地图,求职者你好，现因业务量的急剧增长，需求外卖送餐员，如有意向可直接在线联系或投简历，优先安排面试任职资格，直接办理入住薪资待遇:（1）底薪+阶梯式单价提成+暖冬补贴+夜班补助+满勤奖+大额单奖励+单王奖+优秀员工奖+高温补贴+恶劣天气补贴+工龄奖+冲单奖+年终奖+春节在岗补贴（2）单量充足，每天50-90单，5-8元每单（3）轻轻松松干月工资7000---10000元。（不封顶，多劳多得）备注：（站点不同，薪资待遇不同）送餐员负责接外卖下派的订单，接单后按照订单信息取餐送餐；【招聘条件】（1）年龄必须满18—50周岁，无犯罪记录，身体健康，无 ，（2）会骑电动车，会使用智能导航.（3）有无经验均可，只要期待高薪，踏实肯干，全程免费培训，有人教有人带。【工作时间】早上10点-下午2点、下午5点-晚上9点。（注：两个时间段必须在岗，其他时间段可选择加班）【任职资格】（1）有无经验均可，只要你会骑电动车（我们只看你是否有意愿！）（2）来可提供住宿，提供车辆。温馨提示;招外卖骑手。为本公司直招，欢迎社会人士前来挑战高薪!如有报名意向，请直接投递简历。.。。
运城市新邦物流有限公司（新邦物流（美团合作商））,今天,272,1,送餐员/外卖骑手,7500-10000元/月,招聘骑手奖金2000,交通补助 加班补助 年底双薪,招10人 学历不限 经验不限,西安 - 高新区 - 木塔寺公园 西安高新区地铁6号线木塔寺 查看地图,工作内容：取餐，送餐————就是送外卖职位要求：会骑车，会导航，能吃苦！！工作时间：上午10点-14点下午16-21点，每天9小时全城就近分配！月休3-4！不压工资，可预支工资~管住配车
陕西忆嘉餐饮管理服务有限公司,今天,338,6,送餐员/外卖骑手,8000-12000元/月,无门槛0押金骑手提供车住,包吃 包住 就近分配 预支工资 0押金,招10人 学历不限 经验不限，可接收应届生,西安 - 长安 - 韦曲 西安长安地铁2号线航天城 查看地图,【任职资格】1.年龄18-50岁，男女不限，学历不限。2.没有犯罪记录。3.会骑电动车、会用导航。【找聘职位】诚聘外卖送餐员，面试通过次日可上岗。【工作亮点】系统自动派单，多劳多得，正常跑8000+，白天加班跑10000+，夜宵拼命跑12000+【工作地点】全西安就近安排站点【工作时间】10：00-14：0017：00-21：00，其他时间自由安排，每月休4天，可调休、多劳多得、时间自由分配。【工资待遇】：底薪2500-3400，平均每天50单，每单5-15元，单量提成+福利津贴（远距离补贴、夜班补贴、高温补贴、暖冬补贴等）+新人奖励。【福利待遇】：公司提供车，提供住宿，入职就办理保险。【岗位职责】：负责以站点为中心3公里以内订单配送，入职有老骑手教
西安志成德邦物流有限公司（德邦快递）,今天,118342,2505,装卸/搬运工,7500-11000元/月,高陵德邦8000招装卸工,饭补 房补 五险一金 包住 高温/取暖 夜班补贴,招50人 学历不限 经验不限,西安 - 高陵 西安高陵泾环北路与西界路十字向南200米 查看地图,【工作内容】1.负责在规定时间内完成货物的装卸搬运工作。2.负责对货区破损货物进行修复，降低货物破损率。3.整理工装器具，保证货区形象达到标准化。【职位要求】1.初中及以上学历，吃苦耐劳，具有相关的体力劳动经验者优先。2.工作时间：长期夜班，10小时。【薪酬福利】1.工资：7500-11000元左右，2.公司包住，并每月提供食宿补贴；3.员工福利：按国家规定缴纳社保，享受带薪年假、公司互助基金、中秋月饼到家、入职满一年每月“亲情1+1”（公司补贴100元，员工自己提供100元，每月固定200元打入父母帐户）；4.各类补贴：晚班享受晚班补贴，冬季取暖补贴（北方城市），夏季高温补贴，特殊技能补贴。5.每年中秋节都会为每一位员工的家人寄去一份月饼礼品包；1.德邦快递欢迎离职员工重返公司。2.此招聘为公司直招，德邦快递及其下属分公司在招聘过程中不收取任何费用、押金等，敬请各位求职者知晓，以免受骗损失财物。，以免受骗损失财物。
陕西荣达时代餐饮管理有限公司,今天,69,1,送餐员/外卖骑手,7280-12850元/月,送餐员专送多劳多得0押金,随时提现到账 不需要 公司提供车 美团 包住 加班补助 包吃 年底双薪 交通补助 饭补 话补 房补 五险一金 周末双休 0押金可预支 提供车和住宿 新人奖励,招11人 学历不限 经验不限，可接收应届生,西安 - 碑林 - 文艺路 西安碑林万达广场李家村店 查看地图,工作内容：【任职资格】1.年龄18-50岁，男女不限，学历不限。2.没有犯罪记录。3.会骑电动车、会用导航。【招聘职位】诚聘外卖送餐员，面试通过次日可上岗。【工作亮点】系统自动派单，多劳多得，正常跑7280+，白天加班跑10000+，夜宵拼命跑12850+【工作地点】全西安就近安排站点【工作时间】10：00-14：00 17：00-21：00，其他时间自由安排，每月休4天，可调休、多劳多得、时间自由分配。【工资待遇】：底薪3000-3500，平均每天50-80单，每单6-12元，单量提成+福利津贴（远距离补贴、夜班补贴、高温补贴等）+新人奖励500--2000【福利待遇】：公司提供车，提供住宿，入职就办理保险。【岗位职责】：负责以站点为中心3公里以内订单配送，入职有老骑手教。面试合格当天办理入职，直接电话联系优先安排面试！想了解更多可以打电话咨询！！！
苏州乐跑外卖配送有限公司,今天,1,0,送餐员/外卖骑手,8122-13555元/月,急招骑手1W＋配车,包住 加班补助 饭补 话补 房补 交通补助,招12人 学历不限 经验不限,西安 - 未央 - 太元路 西安未央未央区太和路99号长安易居 查看地图,工作内容：职位要求：工作时间：本公司为直接招聘！工资准时发放，可投递简历！！薪资待遇：一、单价：5元-7元/单，综合工资7000元到12000元，多劳多得的二、福利：新人奖500+全勤奖每月300+夏季高温补贴4500左右，正常干7000---9000元/月，努力干10000---11000元/月，使劲干12000以上（不封顶）一、工作内容：骑手通过配送系统线上按单，品类包括附近美食、水果蔬菜、超市、鲜花、蛋糕、早午晚餐、下午茶、宵夜、饮料、甜点等据订单信息到商家拿商品送至客户手中二、工作时间：上午10：00-14：00，下午17：00-21：00，其他时间可休息或接单，三、岗位要求：年龄18-45周岁，身体健康五、宿舍环境小区房，2-3人一间，设备齐全（空调，洗衣机，热水器）六·派单问题系统派单，3公里范围，公平公正，不用担心没有单！自动调度订单，接单后按照订单信息上门取餐送餐。有车辆可自带，无车辆公司可以提供。意向可投递简历！！！！！
苏州闪送网络科技有限公司,今天,0,0,送餐员/外卖骑手,7281-10029元/月,招骑手零押金月7k起,五险一金 加班补助 房补 饭补 包住 可预支 拎包入住 无经验可,招11人 学历不限 经验不限，可接收应届生,西安 - 新城 - 尚勤路 西安新城中山门街道鑫源大厦鑫源大厦A座 查看地图,【面试通过，当天办理入职，当天上班，提供住宿，公司可配车，综合薪资7000-11000上不封顶。】薪资待遇1、单价5-8，阶梯式，站点会给骑手送餐员下载骑手专用APP导航。根据导航送餐。2、正常跑单每天50-80单，多劳多得，综合7000-11000没问题，基本工资+单量提成+好评奖励+冲单奖励+话补+全勤奖+加班补助+夜间补贴备注：（站点不同，薪资待遇不同）3、早点+夜宵+恶劣天补助4、公司可以提供住宿车辆，吃饭去合作餐厅打5-7折，站长人很棒，负责解决一切上岗问题，缺钱的，没地方住的都可过来上班，踏实干就行职位要求：1、年龄18-50岁左右，品行端正，无不良嗜好，无犯罪案底.2、具备快速的学习能力，会骑电瓶车，灵活的熟悉使用地图，导航。.3、有良好的服务意识、和服务精神。4、吃苦耐劳，有强烈的目标感；工作职责5、所属区域内，安全，快速，友善的将餐点送至地点；6、快递员，操作工，普工，搬运工，技工，服务员，配送员优先录用（18-50岁优先）工作时间：1、高峰时间在线：早9:00-14：00晚17:00-21:002、每天需要在岗8个小时，其余时间自行安排3. 上午7:00—9:00早餐（自愿）有意向可投递简历，我会及时回复的！！！！！
苏州乐跑外卖配送有限公司,今天,1,0,送餐员/外卖骑手,7000-13000元/月,站点急招八小时送餐员供车,包住 包吃 年底双薪 周末双休 交通补助 加班补助 饭补 话补 房补 五险一金 冲单奖 恶劣天气补贴 全勤奖,招11人 学历不限 经验不限,西安 - 雁塔 - 吉祥诚信商业街 西安雁塔含光路南段西安石油大学雁塔校区东侧约100米名仕花园 查看地图,【面试通过，当天办理入职，当天上班，提供住宿，公司可配车】站点会给骑手送餐员下载骑手专用APP导航。根据导航送餐。职位要求：1、年龄18-45岁左右，品行端正，无不良嗜好，无犯罪案底.2、具备快速的学习能力，会骑电瓶车，灵活的使用智能手机，熟悉使用手机地图，导航。.3、有良好的服务意识、和服务精神。4、吃苦耐劳，有强烈的目标感；工作职责5、所属区域内，安全，快速，友善的将餐点送至地点；6、外卖员 送餐员 配送员，优先录用（19-45岁优先）工作时间：1、高峰时间在线：早9:00-14：00晚17:00-21:002、每天需要在岗8个小时，其余时间自行安排3. 上午7:00—9:00早餐（自愿）下午14:00—17:00午休（自愿）夜宵21:00—2:00（自愿）5.外卖送餐员月工资7000-14000元计件提成单价6-8一单，每天平均50单一天，路线熟悉正常每天50-70单多劳多得，雨季.假期容易爆单.单量增加.只要你付出肯定就会有收获。6、公司提供住宿，生活用品需要自带。7、公司统一为员工购买保险。8、晋升机制：骑手一组长一储备站长一站长一区域经理一城市经理9、住宿环境：2-3人一间，空调，洗衣机，淋浴间.....等福利津贴：全勤奖+服务奖+车补+餐补+话补+高温补贴+高峰补贴+冬季温馨提示：本信息公司直招，有车可自带车入职，没车公司可配车辆！温馨提示：凡不在站点面试【招募中心、公司面试、总部面试】均为中介，注意防范!19-45周岁优先咨询了解
北京三快到家科技有限公司,今天,21,0,送餐员/外卖骑手,7600-10000元/月,碑林区-招聘数名送餐员,话补 加班补助 远距离补助 大额补助 重量补贴,招9人 学历不限 经验不限，可接收应届生,西安 西安碑林区文艺南路税务局家属院 查看地图,首先为您承诺美团公司直招外卖骑手，不需要任何额外费用。超时不扣钱！西安全市覆盖，100多个区域站点就近分配，有需求可提供住宿、车辆。【任职要求】年龄18-50周岁，会骑车会看导航，无案底无逾期即可。【工作时间】早晚高峰 10：00-14：00 17：00-21：00（加班采取个人自愿）【工作内容】1、在APP上接收订单，从商家取货送至顾客地点。2、前期师傅带着培训，系统自动派单，配送范围在3公里。【工资待遇】底薪2800-3500之间，提成6-8元/单 ，日均40-100单。平均薪资6000以上！另外有距离补贴+时段补贴+大额单补贴+重量补贴+特色天气补贴+企客难度补贴+其他补贴；还有全勤奖200元+冲单奖金+工龄奖金200-400元+月度贡献奖150元+骑手星级补贴60-550元等，传统节日发放礼品，员工生日福利。【晋升空间】：骑手-组长-站长-区域经理-城市经理，欢迎前来挑战。雁塔区（小寨，电视台，大雁塔，曲江池，创意谷，等嘉坡，金淲沱）碑林区（南稍门，李家村，钟楼，草场坡，兴善寺，柏树林）莲湖区（红庙坡，北关，枣园，西关，南院门，西稍门，劳动路）高新区（长里村，丈八六路，科技科，甘家寨，太白南路）长安区（凤栖原，会展中心，韦曲，郭杜，府东，大学城）未央区（龙首原，百花村，大明宫，辛家庙，凤城）新城区（五路口，胡家庙，韩森寨，长乐坡）灞桥区（席王，纺织城，洪庆，新筑）沣东新区（三桥，后卫寨）
陕西捷巧配送服务有限公司,今天,13,0,送餐员/外卖骑手,7136-11236元/月,火车站急招配送员包车住,包住 加班补助 包吃 饭补 房补 年底双薪 交通补助 话补 0押金可预支 就近分配 配车管住,招10人 学历不限 经验不限,西安 - 雁塔 - 翠华路 西安雁塔undefined小寨地铁站C口 查看地图,工作要求：1，有无经验均可，入职会有老员工带你熟悉商家路线2，学历不是硬指标，会骑电动车，会使用手机导航即可3，年龄18---50岁之间，身体健康工作时间：早上10:00---14:00；晚上17:00---21:00每月。月休4天。每月20号发放工资、上够十五天可预支工资，多劳多得，上不封顶薪资待遇：1，底薪2400-3500+单量提成+奖励+补助（系统派单，无需抢单）5-15元/单，高温雨雪天气每单补助1--5元，上不封顶，多劳多得2，公司提供住宿，空调，洗衣机，热水器等齐全（面试通过后当天即可安排）3，有车可自备，无车公司提供车辆，无费用无押金，衣服，头盔，保温箱公司发放4，表现优秀者，公司提供各种内部晋升和公平竟聘机会，为员工提供良好的职业发展规划；晋升路径：骑手--组长--副站长--站长--区域经理福利补贴：全勤奖+服务奖+车补+冲单奖+单量补贴+年终奖；免费购买商业保险本岗位长期招聘，有兴趣可投简历，也可以直接拨打招聘热线，欢迎你随时加入！！！
北京三快到家科技有限公司,今天,45,0,送餐员/外卖骑手,6000-10000元/月,急招骑手配车包住预支薪资,包住 交通补助 话补 加班补助,招10人 学历不限 经验不限,西安 - 未央 西安未央凤城一路芳林园小区 查看地图,工作内容：1，有无经验均可，入职会有老员工带你熟悉商家路线；2，学历不是你的硬指标，会骑电动车，会使用智能手机导航即可；3，年龄18---47岁之间，身体健康；工作时间：早上10:00---14:00；晚上17:00---21:00每月满勤26天，月休3---4天。薪资待遇：1，底薪+单量提成+奖励+补助（系统派单，无需抢单）6--12元/单，高温雨雪天气每单补助0.5--5元，月综合工资6K---8K，上不封顶，多劳多得。2，公司提供住宿，空调，洗衣机，热水器等齐全（面试通过后当天即可安排）；3，有车可自备，无车公司提供车辆，无费用无押金，衣服，头盔，保温箱公司免费发放。4，表现优秀者，公司提供各种内部晋升和公平竟聘机会，为员工提供良好的职业发展规划；晋升路径：骑手--组长--副站长--站长--区域经理；福利补贴：全勤奖+服务奖+车补+话补+冲单奖+单量补贴+年终奖；免费购买商业保险；本岗位长期招聘，有兴趣可投简历，也可以直接拨打招聘热线，欢迎你随时加入！！！年龄要求18---50岁之间，未满18或者是超过50岁请勿投简历哦
运城市新邦物流有限公司（新邦物流（美团合作商））,今天,799,14,送餐员/外卖骑手,6500-10000元/月,太白立交招骑手两千奖励,月结工资 不需要 美团 熟练驾驶电动 熟练使用导航 健康证 加班补助 交通补助 包住,招20人 学历不限 经验不限,西安 - 雁塔 西安雁塔糜家桥小区53号楼 查看地图,工作内容：【招聘岗位】：外卖送餐员、骑手【岗位职责】：为客户提供安全、及时、准确、优质的送餐服务，服务半径为站点周边1-3公里。【薪资待遇】：正常干6000---8000元/月努力干8000---10000元/月拼命干12000元/月以上（不封顶）【年龄要求】身份证年龄满足18-45周岁即可【工作时间】早上10点-下午2点、下午5点-晚上9点。（注：可自由加班）【工作地点】根据个人意愿和住址就近分配，可自由选择地区【其他福利】车辆补贴恶劣天气补贴早餐单补助夜宵单补助住宿补贴话费补贴冲单奖等等！【招聘岗位】：外卖送餐员、骑手【岗位职责】：为客户提供安全、及时、准确、优质的送餐服务，服务半径为站点周边1-3公里。
陕西荣达时代餐饮管理有限公司,今天,46,1,送餐员/外卖骑手,6666-12666元/月,能吃苦耐劳，工资翻一翻,月结工资 美团 公司提供车 健康证 包住 加班补助 包吃 年底双薪 交通补助 饭补 话补 房补 0押金可预支 提供车和住宿 新人奖励2000,招15人 学历不限 经验不限，可接收应届生,西安 - 莲湖 - 北关 西安莲湖西安市莲湖区北关 查看地图,工作内容：【任职资格】1.年龄18-50岁，男女不限，学历不限。2.没有犯罪记录。3.会骑电动车、会用导航。【招聘职位】诚聘外卖送餐员，面试通过次日可上岗。【工作亮点】系统自动派单，多劳多得，正常跑7652+，白天加班跑10000+，夜宵拼命跑12500+【工作地点】全西安就近安排站点【工作时间】10：00-14：00 17：00-21：00，其他时间自由安排，每月休4天，可调休、多劳多得、时间自由分配。【工资待遇】：底薪2700-3500，平均每天30—80单，每单5-15元，单量提成+福利津贴（远距离补贴、夜班补贴、高温补贴、暖冬补贴等）+新人奖励。【福利待遇】：公司提供车，提供住宿，入职就办理保险。【岗位职责】：负责以站点为中心3公里以内订单配送，入职有老骑手教。【升职空间】骑手——组长——副站长——站长——城市经理给自己一个尝试的机会，展现出一个不一样的你！大专及以上学历也可以直接应聘储备干部！面试合格当天办理入职，直接电话联系优先安排面试！想了解更多可以打电话咨询！！！
陕西安极达咨询管理有限公司,今天,204,5,送餐员/外卖骑手,8000-10000元/月,招聘骑手，月入过万,日结工资 周结工资 月结工资 随时提现到账 不需要 熟练驾驶电动 包吃 交通补助 加班补助 饭补 话补 房补 包住 意外险,招20人 学历不限 经验不限,西安 - 灞桥 - 纺织城 西安灞桥华夏世纪广场C座2509 查看地图,直招全职骑手️负责以站点为中心3公里以内的外卖配送，不会有老骑手教，分享单王跑单技巧。️入职要求:18-50周岁/没有案底/，会骑电瓶车/手机导航；️接单时间是午饭和晚饭时间，其余时间自由活动.工作时间: 10:00-14:00，17:00-21:00️提成5-10，各种补贴奖励1000--2000，新人奖工资额外500--3000元每天系统派单，人均30--80单新人入职好好做8000--10000以上，后期熟悉月入过万上不封顶，每月20号发工资，可预支️0月入职，提供吃住、装备、电动车。西安市就近安排
杭州闪电峰网络科技有限公司,今天,7,0,送餐员/外卖骑手,8000-11800元/月,外卖员可就近安排+车住,五险一金 包吃 包住 加班补助 饭补 话补 交通补助 恶劣天气补助 距离补贴 夜宵补贴,招12人 学历不限 经验不限,西安 - 雁塔 - 大雁塔 西安雁塔希望大厦6栋19号 查看地图,直聘外卖员，送餐员，骑手，若干名，本公司为直招，不收取任何费用。当天就可以办理入职，入职需带身份证。当天安排住宿。薪资待遇：1.每单提成5--8元，多劳多得，一天300-500元.2. 每月每人单量在900-1800单左右，综合工资8000-11800上不封顶，工资每个月准时工资打卡。3.公司提供员工保险，为您的出行提供安全保障。4.骑士可享受高温补贴、高峰补贴、雨天补贴，恶劣天气补贴、好评奖励，每单补贴3-5元。5.公司提供住宿，公司提供电动车，不需要押金 。工作时间：1.上午10：00-14：00 下午17：00-21：00 （可以适当调休 ，海量订单，多劳多得。）招聘要求：1.年龄18-45周岁，男女不限，学历不限。2.有无经验均可，会骑电动车，会使用智能手机，会使用手机导航。3.能吃苦耐劳、有强烈的赚钱欲望。4.有快递，配送相关经验者优先录用。工作内容：1.通过APP接收公司派单；2.按照要求操作到商家取餐，送到客户位置；3.负责区域内的外卖订单的及时送达，配送范围，配送范围直线距离3公里左右广阔的职业发展空间，优秀员工享受公司储备干部培养优先权，骑手—队长—调度—站长—城市经理 欢迎有想法的人士和我们一起拼，有意者电话咨询。
淮安航道网络科技有限公司（淮安航道（美团合作商））,今天,147,1,送餐员/外卖骑手,5000-9000元/月,诚聘送餐员可提供车住吃,骑电动车 手机导航 使用智能手机 接单 会地图导航 提供车 可提供住宿,招20人 学历不限 经验不限,西安 - 雁塔 - 明德门 西安雁塔天坛西路与长安南路交叉路口向西约200米教院新苑 查看地图,因单量急剧上升，站点急招送餐员！！！时间自由，收入稳定，经验不限。无住址公司提供住宿。(面试当天可以直接安排报道入职，隔天开始工作)任职资格：1.18-45周岁，身体健康，无不良嗜好，无犯罪前科。2.会骑电动车，会用导航，微信，工作经验不限，学历不限，具有团队精神，能吃苦耐劳，赚钱欲望强，健康证（没有的可先办理入职，在办证）3. 欢迎曾经任职过的优秀员工重返公司;退伍军人优先录用，有同行经验者优先录用。4.公司统一提供员工宿舍，可自备车，无车可用公司担保车，为员工办理保险。跑一单有一单的钱，，一单大概是5~6元左右，多劳多得。系统每天40单左右，（就看你能不能跑，初期建议先熟练跑单操作与熟悉地形路线，建议在面试培训中请认真学习）奖金+补助；高温补贴、冲单量补贴、大额订单补贴、恶劣天气补贴，满勤奖励，优秀员工奖励，夜宵订单补贴，各种过节福利，不定时举办公司会餐，这就是你第二个家；职位描述：站点旁边的商圈（商圈指餐饮娱乐成熟地带）内，系统派单给骑手，骑手根据系统内的导航路线去商家拿餐送到客户手里，很简单易操作，公司统一面试培训，公司直招不收取任何费用，全市可就近安排站点工作，刚入职员工有老骑手带领熟悉路线（一周后就是老员工）.我们外卖是现在很多人的选择，因为他区别于其他行业，做销售你得有人脉，有关系，才可以赚钱，在厂里你得加班，熬时间，熬资历才会有不错的工资，但是在咱们上班时间很自由，配送员工资哪怕是*个月，只要别人在送单，你也在送，那你得工资正常就会达到7000左右，甚至更高。欢迎加入外卖员配送员团队，我们一直在招募骑手送餐员，所以欢迎兄弟们加入。分配范围：本职位属于站点招聘，全程不收取任何中介费用，注意防骗。站点统一面试培训，工作简单易操作，刚入职员工有老骑手带领熟悉路线（一周后就是老员工）。晋升空间：送餐员—组长—站长--区域督导--城市经理 、欢迎您的加入——这是一个发展广阔的平台！
商丘小袋鼠餐饮配送有限公司,今天,8,0,送餐员/外卖骑手,8430-11390元/月,送餐员有车有住+高薪,月结工资 健康证 交通补助 话补 房补 加班补助 包住 全勤奖 0元入职 高温补贴,招12人 学历不限 经验不限，可接收应届生,西安 - 经开区 - 草滩 西安经开区西安北站北广场东北侧西安市文景山公园 查看地图,有意向可投简历！看到会及时回复！！！1.招聘岗位:配送员12名2.招聘条件:18-45周岁，会骑车，会看导航，无案底，身体健康!3.薪资福利:月薪8000-12000，每月20号准时发放，每日35-80单(系统自动分分配，无需抢单，底薪+单量提成 +福利平均工资8000+元。)4.上班时间:9:30-14:0017:00-21:00(21:00后每单再加1-3元)5.工作范围:半公里至3公里以内(超出3公里每单会有1-3元不等的补贴)小区，学校医院商铺等。福利补贴:天气补贴距离补贴高温补贴冲单奖励，奖励:服务之星奖优秀员工奖单王奖全勤奖公司聚餐!6.提供住宿:(3至5人间)+提供电瓶车+提供装备头盔餐箱工作服，免费体检+入职保险。7.晋升渠道:送餐骑手-骑手组长-副站长-站长-经理。有意向可投简历！看到会及时回复！！！
陕西品芸尚餐饮管理有限公司,今天,1633,19,送餐员/外卖骑手,7290-12120元/月,提供车住宿高薪招聘配送员,骑电动车 手机导航 包吃 包住 加班补助 饭补 0押金可预支工资 提供车+住宿 就近分配补贴奖励,招25人 学历不限 经验不限，可接收应届生,西安 - 新城 - 万寿路 西安新城地铁1号线长乐坡 查看地图,公司承诺】 公司承诺入职不收取任何费，工资每月20日发放，面试当天可以办理入职，住宿。一、 工作内容：骑手通过配送软件手机接单，品类包括附近美食、水果蔬菜、超市、鲜花、蛋糕、早午晚餐、下午茶、宵夜、饮料、甜点等，根拥订单信息到商家拿商品送至有户手中。二、 工作时间：上午10:00-14:00，下午17:00-21:00，工作8小时三、岗位基本要求 年龄18-50岁，身体健康四、薪资待遇︰1、工资按单提成，一单5--152、每天单量在40-7单，爆单较高100单月平均薪资7290-12120，多劳多得。五、福利补贴︰1、管住，配车。配的电动车可以保证24小时续航更换，承诺无需任何押金，更没有分期买车，大家避免上当受骗；2、全勤奖+服务奖+新人奖励+车补+天气补贴+等级补贴+提供住宿（设施齐全).3、入职3个月以上且有一定的管理经验可申请储备干部、站长或城市经理等管理岗位。六、晋升路径;骑手—师傅骑手—配送站长—区域经理。
上海易即达网络科技有限公司（易即达（美团合作商））,今天,505,15,送餐员/外卖骑手,8000-10000元/月,8K提供车子住宿急招骑手,年底双薪 包住 交通补助 加班补助 五险一金,招5人 学历不限 经验不限,西安 - 新城 - 康复路 西安新城陕西省西安市新城区昆仑三十五街坊32号楼3单元103室 查看地图,职位描述：1、在站长的领导下，完成公司的配送工作并做好后勤保障服务。2、根据客户下单地址，保证客户订单安全、及时准确送达客户手中；3、复核订单数量，保障配送货物的准确性；4、保障配送过程中客户商品的安全、卫生、新鲜度等；5、保证骑行时准守交通规则，务必保障人身安全；任职要求：1、18-50周岁，男女不限，对服务行业充满热情；2、能熟练使用手机APP软件，会使用手机导航、会骑电动车、有良好的交通安全意识3、亲和力强、性格开朗、吃苦耐劳、人品端正、做事认真、有较强的抗压能力；4、严格遵守公司各项规章制度，爱岗敬业、时间观念强；==========福利待遇==========1、工资：底薪+绩效+高温补贴+冲单奖励+职级，计件工资，多劳多得，上不封顶。2、各类补贴：工龄津贴、职级津贴、夏季高温补贴、绩效奖金、单量阶梯奖金。注意：公司招聘，可提供附近房源，有意者可直接联系或投递简职位描述：1、在站长的领导下，完成公司的配送工作并做好后勤保障服务。2、根据客户下单地址，保证客户订单安全、及时准确送达客户手中；3、复核订单数量，保障配送货物的准确性；4、保障配送过程中客户商品的安全、卫生、新鲜度等；5、保证骑行时准守交通规则，务必保障人身安全；任职要求：1、18-50周岁，男女不限，对服务行业充满热情；2、能熟练使用手机APP软件，会使用手机导航、会骑电动车、有良好的交通安全意识3、亲和力强、性格开朗、吃苦耐劳、人品端正、做事认真、有较强的抗压能力；4、严格遵守公司各项规章制度，爱岗敬业、时间观念强；==========福利待遇==========1、工资：底薪+绩效+高温补贴+冲单奖励+职级，综合薪资，计件工资，多劳多得，上不封顶。2、各类补贴：工龄津贴、职级津贴、夏季高温补贴、绩效奖金、单量阶梯奖金。
兰州三易网络科技开发有限公司（兰州三易（美团合作商））,今天,568,11,送餐员/外卖骑手,5500-9999元/月,高新雁塔急招送餐员,包住 全勤奖 新人冲单奖 高温奖,招30人 学历不限 经验不限，可接收应届生,西安 - 灞桥 - 红旗 西安灞桥十里铺街道咸宁东路363号信苑小区 查看地图,不收取任何手续费用、押金等，工资按时发放不会拖欠！工作内容：【招聘条件】1、18周岁-50周岁，品行端正，2、有无经验均可，要求会骑电动车，会使用智能手机，配送范围三公里，公司配有精确导航，不怕找不到路。3、薪资待遇，每天30到70单+6-8元/单+恶劣天气补助+冬季补助=月薪 6000-13000左右.（多劳多得，接单越多提成越高，五星好评，另有平台大额单，远距离单补助)公司派单，单量充足…（配送范围3公里之内，新人入职有老员工带。只要愿意干、只要肯吃苦、肯定让你挣到钱）正常干 5000元左右稍微努力 6000元左右使劲干 8000以上不封顶【任职资格】1、有无经验均可，只要你会骑电动车，会用智能手机2、学历不是你的硬指标3、有良好的服务意识、综合素质4、能吃苦耐劳、有强烈的企图心工作时间：9:00-14:00 17:00-21:00（其他时间自由休息，或自由加班，加班另有加班补助）【工作内容】根据订单地址把外卖准时完好的送达客户手中，工作轻松、上手快，所有入职新员工公司会派专人进行培训！【其他】吃饭一骑手在站点合作商家吃饭有半价优惠或打5-7折，花的少，吃得饱住宿一一站点为骑手提供宿舍，当天入住，基础设施齐全车辆一骑手可自带车辆，或公司提供的车辆，同时有车补工作地址:根据骑手个人意愿就近择优安排面试通过立即安排住宿上岗，欢迎有挣钱欲望的小伙伴加入。温馨提示：公司提供车辆、住宿。【面试通过当天可办理入职，第二天上班】
兰州三易网络科技开发有限公司（兰州三易（美团合作商））,今天,611,6,送餐员/外卖骑手,6000-10000元/月,站点直招0押金奖2千,包住 全勤奖 新人奖 高温奖冲单奖,招30人 学历不限 经验不限，可接收应届生,西安 - 长安 - 凤栖原 西安长安长兴路122号喜居园小区 查看地图,不收取任何手续费用、押金等，工资按时发放不会拖欠！工作内容：【招聘条件】1、18周岁-50周岁，品行端正，2、有无经验均可，要求会骑电动车，会使用智能手机，配送范围三公里，公司配有精确导航，不怕找不到路。3、薪资待遇，每天30到70单+6-8元/单+恶劣天气补助+冬季补助=月薪 6000-13000左右.（多劳多得，接单越多提成越高，五星好评，另有平台大额单，远距离单补助)公司派单，单量充足…（配送范围3公里之内，新人入职有老员工带。只要愿意干、只要肯吃苦、肯定让你挣到钱）正常干 5000元左右稍微努力 6000元左右使劲干 8000以上不封顶【任职资格】1、有无经验均可，只要你会骑电动车，会用智能手机2、学历不是你的硬指标3、有良好的服务意识、综合素质4、能吃苦耐劳、有强烈的企图心工作时间：9:00-14:00 17:00-21:00（其他时间自由休息，或自由加班，加班另有加班补助）【工作内容】根据订单地址把外卖准时完好的送达客户手中，工作轻松、上手快，所有入职新员工公司会派专人进行培训！【其他】吃饭一骑手在站点合作商家吃饭有半价优惠或打5-7折，花的少，吃得饱住宿一一站点为骑手提供宿舍，当天入住，基础设施齐全车辆一骑手可自带车辆，或公司提供的车辆，同时有车补工作地址:根据骑手个人意愿就近择优安排面试通过立即安排住宿上岗，欢迎有挣钱欲望的小伙伴加入。温馨提示：公司提供车辆、住宿。【面试通过当天可办理入职，第二天上班】
西安博耀星辉企业管理咨询有限公司,今天,41,0,送餐员/外卖骑手,8970-14852元/月,聘送餐员福利多月入1万+,话补 包住 交通补助 加班补助 高温补贴 距离补贴 大额补贴,招26人 学历不限 经验不限，可接收应届生,西安 - 新城 - 韩森寨 西安新城幸福中路37号秦川社区22街坊 查看地图,工作内容：职位要求：工作时间：不收取任何手续费用、押金等，工资按时发放不会拖欠！公司提供车辆、住宿。【面试通过当天可办理入职，第二天上班】【招聘条件】1、18周岁-50周岁，品行端正，2、有无经验均可，要求会骑电动车，会使用智能手机，配送范围三公里，公司配有精确导航，不怕找不到路。3、薪资待遇，每天30到70单+6-8元/单+恶略天气补助+冬季补助=月薪 6000-13000左右.（多劳多得，接单越多提成越高，五星好评，另有平台大额单，远距离单补助)公司会定期组织员工团建，过节过生日公司会安排对员工关怀送礼品，定期评选优秀员工，跑单王等多项现金奖励，表现突出者有机会晋升为公司管理层，保证公平透明公证的原则进行评选，只要你肯干肯努力加入我们不管学历都会给你展现自我的平台，体现自身价值，找到属于你的自信公司派单，单量充足…（配送范围3公里之内，新人入职有老员工带。只要愿意干、只要肯吃苦、肯定让你挣到钱）正常干 5000元左右稍微努力 6000元左右使劲干 8000以上不封顶【任职资格】1、有无经验均可，只要你会骑电动车，会用智能手机（我们只看你是否有意愿）2、学历不是你的硬指标（我们只看能力，只认付出）3、有良好的服务意识、综合素质（相信自己！）4、能吃苦耐劳、有强烈的企图心（目标需要靠自己的付出去实现）赶快来吧！我们一起干！努力就有机会，拼搏定能成功！工作时间：9:00-14:00 17:00-21:00（其他时间自由休息，或自由加班，加班另有加班补助）【工作内容】根据订单地址把外卖准时完好的送达客户手中，工作轻松、上手快，所有入职新员工公司会派专人进行培训！【其他】吃饭一骑手在站点合作商家吃饭有半价优惠或打5-7折，花的少，吃得饱住宿一一站点为骑手提供宿舍，当天入住，基础设施齐全车辆一骑手可自带车辆，或公司提供的车辆，同时有车补工作地址:根据骑手个人意愿就近择优安排面试通过立即安排住宿上岗，欢迎有挣钱欲望的小伙伴加入。
西咸新区新威沃网络科技有限公司（新威沃（美团合作商））,今天,40,0,送餐员/外卖骑手,7685-12583元/月,骑车随便逛，工资秒到账,月结工资 不需要 美团 熟练驾驶电动 公司提供车 话补 包住 交通补助 加班补助 包吃 年底双薪 饭补 0元入职 最高2K新人奖 可预支工资,招10人 学历不限 经验不限，可接收应届生,西安 - 雁塔 - 小寨 西安雁塔西安市雁塔区小寨 查看地图,【任职资格】1.年龄18-50岁，男女不限，学历不限2.没有犯罪记录3.会骑电动车、会用导航【招聘职位】诚聘外卖送餐员，面试通过次日可上岗。【工作亮点】系统自动派单，多劳多得，综合薪资7685——12583【工作地点】全西安就近安排站点【工作时间】10：00-14：00 17：00-21：00，其他时间自由安排，每月休4天，可调休、多劳多得、时间自由分配。【工资待遇】：底薪3000-3500，平均每天40--70单，每单5-15元，单量提成+福利津贴（远距离补贴、夜班补贴、高低温补贴等）。【福利待遇】：公司提供车，提供住宿，入职就办理保险。【岗位职责】：负责以站点为中心3公里以内订单配送，入职有老骑手教。面试合格当天办理入职，直接电话联系优先安排面试！想了解更多可以打电话咨询！！！
苏州蓝黄配科技有限公司,今天,10,0,送餐员/外卖骑手,8165-11875元/月,送餐员8K+补贴+可预支,包住 交通补助 加班补助 包吃 五险一金 全勤奖 冲单奖 夜宵补贴,招11人 学历不限 经验不限，可接收应届生,西安 - 未央 - 太元路 西安未央太元路万达广场12号 查看地图,本公司为直接招聘！工资准时发放，可投递简历！！薪资待遇：一、单价：5元-8元/单，综合工资8000元到12000元，多劳多得的二、福利：新人奖500+全勤奖每月300+高温补贴4500左右，正常干7000---9000元/月，努力干9000---11000元/月，使劲干11000以上（不封顶）一、工作内容：骑手通过配送系统线上按单，品类包括附近美食、水果蔬菜、超市、鲜花、蛋糕、早午晚餐、下午茶、宵夜、饮料、甜点等据订单信息到商家拿商品送至客户手中二、工作时间：上午10：00-14：00，下午17：00-21：00，其他时间可休息或接单，三、岗位要求：年龄18-45周岁，身体健康五、宿舍环境小区房，2-3人一间，设备齐全（空调，洗衣机，热水器）六·派单问题系统派单，3公里范围，公平公正，不用担心没有单！自动调度订单，接单后按照订单信息上门取餐送餐。有车辆可自带，无车辆公司可以提供。意向可投递简历，看到会及时回复的！
北京亨昆科技有限公司,今天,271,4,送餐员/外卖骑手,6000-9999元/月,急招外卖暑假工,月结工资 不需要 美团 熟练驾驶电动 公司提供车 健康证 加班补助 包住,招50人 学历不限 经验不限，可接收应届生,西安 - 雁塔 - 西影路 西安雁塔雁塔区西影路19号 查看地图,新年快乐，兔年大吉！本招聘是在站点面试，公司直招！面试合格，当天办理入职手续！当天可提供住宿！岗位职责：1、根据手机软件提供的地址，准时并快速将餐品送达客户手中。2、配送区域是方圆3公里。工作自由、单量多，提成高。入职新员工有人带、有人教。。外卖行业是凭个人能力吃饭的行业，只要你自己认真努力，工资丰厚！任职资格：1、年龄18~45周岁（年龄未满18周岁或者45周岁生日已过的不能办理入职手续）。2、熟练使用智能手机，会使用手机地图。3、脸上脖子上无大面积纹身，无犯罪史，无。福利待遇：每月工资=单量提成+全勤奖+年终奖+恶劣天气补助+各种补贴。轻松干：月薪4000元以上正常干：月薪6000元以上努力干：月薪8000元以上公司为每一位离开家的伙伴提供温馨的宿舍， 提供外卖箱，工作服，头盔。培训！是免费的。晋升！不是靠关系的。入职后，公司会为每一位骑手买两份保险，工伤险和意外险，对每一位骑手都有双重的安全保障。公司会不定期举行聚餐狂欢，这就是你的第二个家！工作时间：早上9点半-14点，下午17点-21点。（14点到17点期间可以休息，也可接单，可自己选择。两个饭点高峰期必须在职，其余时间自愿跑单或者休息，工作时间自由。）每月休假2天。晋升路径：骑手—组长—副站长—站长—城市负责人。本岗位属公司总站点直招，面试成功之后可全西安就近分配！如有意向，欢迎各位小伙伴打电话预约后前来面试，在这里你可以靠你勤劳的双腿、你的勤奋，来成就你的高薪梦，我们这个大家庭期待您的加入！不诚意者勿扰！打酱油者勿扰！
陕西忆嘉餐饮管理服务有限公司,今天,1789,31,送餐员/外卖骑手,7000-10000元/月,奶茶店急招配车管住配送员,包住 加班补助 就近分配 公司提供电动车 可预支工资,招12人 学历不限 经验不限，可接收应届生,西安 - 莲湖 - 大唐西市 西安莲湖西安市莲湖区大唐西市118号 查看地图,公司直招，0元入职，不交任何费用1.职业要求：18-50岁，会使用智能手机，会骑电瓶车，无案底记录2.工作内容：利用智能手机接单，在 时间内到餐厅取餐品送到 地点，工作内容简单有趣，简单易学，快速上手。3.薪资待遇：1.底薪+提成+各种奖励 +各种补贴+全勤+保险2. 综合月薪7000-10000，工作自由，多劳多得，福利多多！3. 配送范围：站点周围3公里，不熟悉路线的有老员工带！
西咸新区新威沃网络科技有限公司（新威沃（美团合作商））,今天,62,1,送餐员/外卖骑手,7800-11800元/月,外卖送餐员1w+补贴,骑电动车 会地图导航 话补 包住 交通补助 加班补助 饭补 年底双薪 0押金离家近 8小时工作制 提供车和住宿,招18人 学历不限 经验不限，可接收应届生,西安 - 碑林 - 体育场 西安碑林西安碑林区体育场 查看地图,工作内容：【任职资格】1.年龄18-50岁，男女不限，学历不限。2.没有犯罪记录。3.会骑电动车、会用导航。【招聘职位】诚聘外卖送餐员，面试通过次日可上岗。【工作亮点】系统自动派单，多劳多得，正常跑7800+，白天加班跑10000+，夜宵拼命跑11800+【工作地点】全西安就近安排站点【工作时间】10：00-14：00 17：00-21：00，其他时间自由安排，每月休4天，可调休、多劳多得、时间自由分配。【工资待遇】：底薪2500-3400，平均每天60单，每单5-15元，单量提成+福利津贴（远距离补贴、夜班补贴、高温补贴等）+新人奖励。【福利待遇】：公司提供车，提供住宿，入职就办理保险。【岗位职责】：负责以站点为中心3公里以内订单配送，入职有老骑手教。【升职空间】骑手——组长——副站长——站长——城市经理给自己一个尝试的机会，展现出一个不一样的你！大专及以上学历也可以直接应聘储备干部！面试合格当天办理入职，直接电话联系优先安排面试！想了解更多可以打电话咨询！！！
陕西品芸尚餐饮管理有限公司,今天,87,2,送餐员/外卖骑手,7200-13100元/月,钟楼急招送餐员0押金,美团 包吃 加班补助 饭补 包住 交通补助 就近分配就近安排 0押金可预支 提供住宿提供车,招20人 学历不限 经验不限，可接收应届生,西安 - 莲湖 - 红庙坡 西安莲湖兴中路与星火路交叉口西50米老城根商业广场东门 查看地图,【任职资格】1.年龄18-50岁，男女不限，学历不限。2.没有犯罪记录。3.会骑电动车、会用导航。【招聘职位】诚聘外卖送餐员，面试通过次日可上岗。【工作亮点】系统自动派单，多劳多得，正常跑7100+，白天加班跑13100+，【工作地点】全西安就近安排站点【工作时间】10：00-14：00 17：00-21：00，其他时间自由安排，每月休4天，可调休、多劳多得、时间自由分配。【工资待遇】：底薪2500-3400，平均每天50单，每单5-15元，单量提成+福利津贴（远距离补贴、夜班补贴、重量补贴、天气补贴等）+【福利待遇】：公司提供车，提供住宿，入职就办理保险。【岗位职责】：负责以站点为中心3公里以内订单配送，入职有老骑手教。【升职空间】骑手——组长——副站长——站长——城市经理给自己一个尝试的机会，展现出一个不一样的你！大专及以上学历也可以直接应聘储备干部！面试合格当天办理入职，直接电话联系优先安排面试！想了解更多可以打电话咨询！！！
商丘小袋鼠餐饮配送有限公司,今天,9,1,送餐员/外卖骑手,8430-10680元/月,急招外卖员+补贴+高薪,月结工资 健康证 包住 交通补助 话补 房补 包吃 0元入职 全勤奖 冲单奖,招13人 学历不限 经验不限，可接收应届生,西安 - 新城 - 胡家庙 西安新城长缨西路1号万和城购物中心 查看地图,本信息直招，不收任何费用。面试通过，当天办理入职. 有意向请投递简历！看到会及时回复！！！薪资待遇：1.工资是按单提成，平均每单在5-8元左右.月薪8000到11000元2.福利补贴：全勤奖+好评补贴+工龄奖+恶劣天气补贴+高温补贴。。。。。。基本提成+绩效+满勤奖+优质服务奖（额外老员工奖+站点冲单奖+恶劣天气贡献奖）底薪绩效+提成每单（5-8元不等）+优质服务奖（100-500元）（根据各个站点实际情况）综合工资8000-11000！！上不封顶，多劳多得。3.提供住宿（2-3人一间，有空调、洗衣机），购买万商业险。4.自己有车就自带车，如果没有的话公司可提供配车，可免费提供外卖箱头盔。）5.工作时间：早10点-14点 晚17点-21点，每日工作八小时左右夜宵单时间晚上21点--23点（加班采取个人自愿）6，公司系统派单！只要你不怕吃苦，只要你能跑！不怕我们没有单，送餐范围2-3公里内，路不熟有老师傅带着熟悉商家路线和APP导航!岗位基本要求：一、有无经验均可（我们只看你是否有意愿）二、学历不是你的硬指标（我们只看能力，只认付出）三、吃苦耐劳、有强烈的征服欲（目标需要靠自己的付出去实现）四、年龄18-45周岁，身体健康，会骑电动车会用导航晋升路径：骑士—副站长—站长—区经理—合伙人有意向请投递简历，收到会及时回复！！！
北京亨昆科技有限公司,今天,115,1,送餐员/外卖骑手,6000-9000元/月,骑车送餐轻松赚钱,日结工资 不需要 美团 熟练驾驶电动 公司提供车 健康证 加班补助 包住,招50人 学历不限 经验不限,西安 - 碑林 - 南稍门 西安碑林南稍门城南草场坡甲字 查看地图,新年快乐，兔年大吉！本招聘是在站点面试，公司直招！面试合格，当天办理入职手续！当天可提供住宿！岗位职责：1、根据手机软件提供的地址，准时并快速将餐品送达客户手中。2、配送区域是方圆3公里。工作自由、单量多，提成高。入职新员工有人带、有人教。。外卖行业是凭个人能力吃饭的行业，只要你自己认真努力，工资丰厚！任职资格：1、年龄18~45周岁（年龄未满18周岁或者45周岁生日已过的不能办理入职手续）。2、熟练使用智能手机，会使用手机地图。3、脸上脖子上无大面积纹身，无犯罪史，无。福利待遇：每月工资=单量提成+全勤奖+年终奖+恶劣天气补助+各种补贴。轻松干：月薪4000元以上正常干：月薪6000元以上努力干：月薪8000元以上公司为每一位离开家的伙伴提供温馨的宿舍， 提供外卖箱，工作服，头盔。培训！是免费的。晋升！不是靠关系的。入职后，公司会为每一位骑手买两份保险，工伤险和意外险，对每一位骑手都有双重的安全保障。公司会不定期举行聚餐狂欢，这就是你的第二个家！工作时间：早上9点半-14点，下午17点-21点。（14点到17点期间可以休息，也可接单，可自己选择。两个饭点高峰期必须在职，其余时间自愿跑单或者休息，工作时间自由。）每月休假2天。晋升路径：骑手—组长—副站长—站长—城市负责人。本岗位属公司总站点直招，面试成功之后可全西安就近分配！如有意向，欢迎各位小伙伴打电话预约后前来面试，在这里你可以靠你勤劳的双腿、你的勤奋，来成就你的高薪梦，我们这个大家庭期待您的加入！不诚意者勿扰！打酱油者勿扰！
苏州小袋鼠配送有限公司,今天,17,0,送餐员/外卖骑手,7521-12000元/月,招外卖员新人补贴1.1w,包住 包吃 五险一金 交通补助 加班补助 新人奖金 工龄奖 特殊天气补贴,招6人 学历不限 经验不限，可接收应届生,西安 - 雁塔 - 大雁塔 西安雁塔曲江创新创业园翠华里32号 查看地图,有意向请投递简历，收到会及时回复！！！！公司直招不存在收费，工资每月按时发放，可以预支，面试当天可以办理入职、住宿:站点新人入职奖励。一、薪资待遇:1、工资按单提成，一单5-7元2、每天单量在40-60单，爆单较高120单，月平均薪资7000-12000，多劳多得。二、福利补贴:全勤奖+服务奖+新人奖励+天气补贴+等级补贴+提供住宿(设施齐全)。没车站点提供车辆，有单独充电的锂电池，可以保证24小时续航更换，承诺无需任何押金。三、工作内容:通过配送系统线上按单，品类包括附近美食、水果蔬菜、超市、鲜花、蛋糕、早午晚餐、下午茶、宵夜、饮料、甜点等据订单信息到商家拿商品送至客户手中四、工作时间:上午10:00-14:00，下午17:00-21:00工作8小时。五、岗位基本要求:年龄18-45岁，身体健康，，有健康证。期待您的加入，欢迎投递简历有意向请投递简历，收到会及时回复！！！！
西安博耀星辉企业管理咨询有限公司,今天,51,0,送餐员/外卖骑手,8420-14560元/月,只要不怕苦送餐开路虎,话补 包住 交通补助 加班补助 高温补贴 距离补贴 大额补贴,招34人 学历不限 经验不限，可接收应届生,西安 - 灞桥 - 席王 西安灞桥柳烟路浅水湾普华浅水湾3期 查看地图,不收取任何手续费用、押金等，工资按时发放不会拖欠！公司提供车辆、住宿。【面试通过当天可办理入职，第二天上班】【招聘条件】1、18周岁-50周岁，品行端正，2、有无经验均可，要求会骑电动车，会使用智能手机，配送范围三公里，公司配有精确导航，不怕找不到路。3、薪资待遇，每天30到70单+6-8元/单+恶略天气补助+冬季补助=月薪 6000-13000左右.（多劳多得，接单越多提成越高，五星好评，另有平台大额单，远距离单补助)公司会定期组织员工团建，过节过生日公司会安排对员工关怀送礼品，定期评选优秀员工，跑单王等多项现金奖励，表现突出者有机会晋升为公司管理层，保证公平透明公证的原则进行评选，只要你肯干肯努力加入我们不管学历都会给你展现自我的平台，体现自身价值，找到属于你的自信公司派单，单量充足…（配送范围3公里之内，新人入职有老员工带。只要愿意干、只要肯吃苦、肯定让你挣到钱）正常干 5000元左右稍微努力 6000元左右使劲干 8000以上不封顶【任职资格】1、有无经验均可，只要你会骑电动车，会用智能手机（我们只看你是否有意愿）2、学历不是你的硬指标（我们只看能力，只认付出）3、有良好的服务意识、综合素质（相信自己！）4、能吃苦耐劳、有强烈的企图心（目标需要靠自己的付出去实现）赶快来吧！我们一起干！努力就有机会，拼搏定能成功！工作时间：9:00-14:00 17:00-21:00（其他时间自由休息，或自由加班，加班另有加班补助）【工作内容】根据订单地址把外卖准时完好的送达客户手中，工作轻松、上手快，所有入职新员工公司会派专人进行培训！【其他】吃饭一骑手在站点合作商家吃饭有半价优惠或打5-7折，花的少，吃得饱住宿一一站点为骑手提供宿舍，当天入住，基础设施齐全车辆一骑手可自带车辆，或公司提供的车辆，同时有车补工作地址:根据骑手个人意愿就近择优安排面试通过立即安排住宿上岗，欢迎有挣钱欲望的小伙伴加入。
苏州小袋鼠配送有限公司,今天,3,0,送餐员/外卖骑手,7985-12935元/月,站点直聘送餐员月入9k,包住 五险一金 交通补助 加班补助 房补 高温补贴 全勤奖 冲单奖,招8人 学历不限 经验不限，可接收应届生,西安 - 未央 - 太元路 西安未央未央区凤城一路22号 查看地图,本公司为直接招聘！工资准时发放，可投递简历！！当天可安排住宿入职！！！！薪资待遇：一、工资：5-7元/单二、福利：新人奖500+全勤奖每月300+夏季高温补贴4500左右，正常干7000---9000元/月，努力干9000---11000元/月，使劲干11000以上一、工作内容：骑手通过配送系统线上按单，品类包括附近美食、水果蔬菜、超市、鲜花、蛋糕、早午晚餐、下午茶、宵夜、饮料、甜点等据订单信息到商家拿商品送至客户手中二、工作时间：上午10：00-14：00，下午17：00-21：00，其他时间可休息或接单，三、岗位要求：年龄18-55周岁，，身体健康五、宿舍环境小区房，2-3人一间，设备齐全（空调，洗衣机，热水器）六·派单问题系统派单，公平公正，不用担心没有单！自动调度订单，接单后按照订单信息上门取餐送餐
苏州蓝黄配科技有限公司,今天,7,0,送餐员/外卖骑手,8728-12767元/月,外卖员+单多价高+高薪,加班补助 交通补助 话补 全勤奖,招12人 学历不限 经验不限，可接收应届生,西安 - 未央 - 大明宫 西安未央问学路269号西派国际 查看地图,有意向欢迎投递咨询，收到会及时回复！!站点急招送餐员，月工资8000-12000元计件提成单价6-8一单，每天平均50单一天，有老师傅教学，半天就学会。路线熟正常每天50-80单多劳多得，雨季、假期容易爆单，单量增加，只要你付出肯定就会有收获。福利待遇：1、公司提供住宿，生活用品需要自带。2、公司统一为员工购买保险，骑手不用出任何费用。3、晋升机制：骑手一组长一储备站长一站长一区域经理一城市经理。4、住宿环境：2-3人一间，空调，洗衣机，淋浴间…等。福利津贴：全勤奖＋服务奖＋车补＋餐补＋话补＋高温补贴＋高峰补贴＋冬季补贴。工资每月均可达到12000以上！工资完全取决于你自己，多劳多得，肯努力收入不会低！面试通过，当天可根据应聘者情况就近分配站点，简单易操作，刚入职员工有老骑手带领熟悉路线（一周后就是老员工）。温馨提示：本信息站点直招，有车可自带车入职，没车公司可配车辆，不受任何费用。站点面试，站点都是老乡！公司双份保险，直招入职！!!有意向欢迎投递咨询，收到会及时回复！!有意向欢迎投递咨询，收到会及时回复！!站点急招送餐员，月工资8000-12000元计件提成单价6-8一单，每天平均50单一天，有老师傅教学，半天就学会。路线熟正常每天50-80单多劳多得，雨季、假期容易爆单，单量增加，只要你付出肯定就会有收获。福利待遇：1、公司提供住宿，生活用品需要自带。2、公司统一为员工购买保险，骑手不用出任何费用。3、晋升机制：骑手一组长一储备站长一站长一区域经理一城市经理。4、住宿环境：2-3人一间，空调，洗衣机，淋浴间…等。福利津贴：全勤奖＋服务奖＋车补＋餐补＋话补＋高温补贴＋高峰补贴＋冬季补贴。工资每月均可达到12000以上！工资完全取决于你自己，多劳多得，肯努力收入不会低！面试通过，当天可根据应聘者情况就近分配站点，简单易操作，刚入职员工有老骑手带领熟悉路线（一周后就是老员工）。温馨提示：本信息站点直招，有车可自带车入职，没车公司可配车辆，不受任何费用。站点面试，站点都是老乡！公司双份保险，直招入职！!!有意向欢迎投递咨询，收到会及时回复！!
苏州快乐送外卖配送有限公司,今天,8,0,送餐员/外卖骑手,7690-10860元/月,送餐员入职0费用+车住吃,年底双薪 交通补助 加班补助 房补 话补 饭补 高温补 冲单奖 重量补,招7人 学历不限 经验不限,西安 - 未央 - 辛家庙 西安未央太和路99号长安易居长安易居16号楼外卖站点 查看地图,有意者请投简历，，本招聘是站点直招非中介，不收取任何押金费用，进厂不如送外卖月入过万每月薪资：7690-10860元，单价5-8元岗位福利：包住，年底双薪，交通补助，加班补助，饭补，话补，房补薪资福利：1、有车自带，没车公司可提供电动车2、有员工宿舍。3、购买保险、4、补贴：骑手生日会、高峰补贴、恶劣天气补贴等其它补贴工作时间：10:00-14：00，17：00-21：00 其他时间段可自由安排（全天有单可接）晋升渠道：骑手——组长——副站长——站长——区域经理站点直招，凡是不在站点面试的均为中介招聘（非中介，站点直招！！！）岗位职责：1、及时接收客户外卖订单；2、准时配送客户外卖订单；3、系统自动派单，日均40-60单。任职要求：1、18-45岁内，男女不限，身体健康！骑手吃苦肯干月入过万2、经验不限，学历不限，赚钱欲望强！3、会骑电动车。4、能识别导航（不熟悉路线，外卖软件自带导航）。有意者请投简历，，，有意者请投简历，
广州壹城网络科技有限公司,今天,42,0,送餐员/外卖骑手,8100-11000元/月,配车+配住管饭外卖员骑手,月结工资 不需要 饿了么 熟练驾驶电动 熟练使用导航 公司提供车 饭补 交通补助 包住 加班补助 新人奖励 气温补贴 意外险,招3人 学历不限 经验不限，可接收应届生,西安 - 新城 - 胡家庙 西安新城配送范围樱花路附近商圈 查看地图,【招聘岗位】：站点直招外卖送餐员！！！【职位要求】：1：18-50周岁，男女不限，学历不限2：会骑电动车，会看手机导航，无犯罪记录。3：有无经验均可，站点配备电动车，前期路不熟悉路线有老师傅带着熟悉路线和app手机导航。【薪资待遇】：1：每单提成6--12元不等，平均每天接单量在50-70单左右（系统派单，不需要自己抢单）综合薪资在7000-12000元，上不封顶。2：福利补贴：重量补贴+远距离补贴+高低温补贴+大额订单补贴+单量补贴+单王奖励+优秀员工奖励等等。公司提供住宿、免押金租车、缴纳商业险、意外险、医疗险（可安心工作）【工作时间】：早上10：00-14:00下午17:00-21:00中间休息3-4个小时可自由安排，每月上班27天，月休3-4天，可调休。【工作区域】：西安市辖区就近安排工作，可根据自己所住附近站点就近安排、每个站点都提供员工宿舍、空调、热水器 等。【工作范围】：站点周边3公里（超出3公里每单会有不等的补贴）【晋升路径】：骑手-组长-调度-站长-运营经理有意向者可直接投递简历！投递简历时请注意隐私保护！也可打电话直接沟通！
苏州快乐送外卖配送有限公司,今天,4,0,送餐员/外卖骑手,7890-12000元/月,送餐员+月1W+预支,包住 交通补助 加班补助 包吃 年底双薪 话补 房补 五险一金 新人奖励 提供车子和住宿 0押金入职,招10人 学历不限 经验不限，可接收应届生,西安 - 未央 - 明光南路 西安未央未央区明光南路外卖站点服务中心20号 查看地图,本公司为直接招聘！工资准时发放，可投递简历！！当天可安排住宿入职！！！！薪资待遇：一、工资：6-8/单二、福利：新人奖500+全勤奖每月300+夏季高温补贴4500左右，正常干7000---9000元/月，努力干9000---11000元/月，使劲干11000以上一、工作内容：骑手通过配送系统线上按单，品类包括附近美食、水果蔬菜、超市、鲜花、蛋糕、早午晚餐、下午茶、宵夜、饮料、甜点等据订单信息到商家拿商品送至客户手中工作时间：上午10：00-14：00，下午17：00-21：00，其他时间可休息或接单，三、岗位要求：年龄18-55周岁，，身体健康五、宿舍环境小区房，2-3人一间，设备齐全（空调，洗衣机，热水器）六·派单问题系统派单，公平公正，不用担心没有单！自动调度订单，接单后按照订单信息上门取餐送餐
蜂鸟互联网技术有限公司,今天,14,0,送餐员/外卖骑手,7000-13000元/月,急聘送餐员+可预支+1w,月结工资 不需要 美团 饿了么 达达 点我达 房补 话补 年底双薪 交通补助 加班补助 饭补 包住 全勤奖,招20人 学历不限 经验不限,西安 - 碑林 - 太乙路 西安碑林雁塔路21号心晴雅苑附近 查看地图,招聘岗位:外卖配送员！！！可招暑假工！！可招暑假工！！可招暑假工！！主要配送鲜花，牛奶，蛋糕，生活用品，餐品等等。公司无费用配车，就近分配站点，每个站点都有宿舍，宿舍都是小区内三室一厅，冬天有暖气，可洗澡，有热水，环境良好！工资待遇:底薪3000+每单提成6--12元不等，平均每天接单量在30-70单左右，上不封顶，综合薪资在6000-10000元，上不封顶！！！额外补贴:重量补贴+远距离补贴+大额订单补贴+周奖励+单量补贴+优秀员工奖+单王奖励等。工作区域:西安三环之内都可以就近安排站点。工作时间:10:00--14:00，17:00--21:00。中间3-4个小时休息时间，可以自行选择加班，加班有补贴。职位要求:会骑电动车，会使用导航，年龄在18-50岁之间，无案底，身体健康！！！岗位职责:接到系统派单，到商家取餐，按照导航在一定时间范围内给顾客送到，配送范围3公里之内。新人上岗会有老骑手带跑。无须担心没有经验！晋升路径:骑手-组长-调度-站长-运营经理，公司给员工缴纳商业险，医疗险，人身意外险，如遇特殊情况可报销，大家可放心上班！！！有意向者可直接投递简历!!投递简历时请注意隐私保护!也可打电话直接沟通!
新疆中联远洋供应链管理有限公司（中联远洋（美团合作商））,今天,379,9,送餐员/外卖骑手,8000-10000元/月,小白可入+时间自由送餐员,月结工资 不需要 美团 熟练驾驶电动 熟悉本地路况 熟练使用导航 包住 加班补助 周末双休,招15人 学历不限 经验不限，可接收应届生,西安 - 莲湖 - 玉祥门 西安莲湖西安市莲湖区玉祥门美团站点 查看地图,职位描述:温馨提示:本公司站点直招(直接去站点面试)可以就近分配!1.招聘职位:送餐员，外卖骑手，(新手有老骑手带)电脑智能派单2.入职岗位条件:有无经验均可，18-50周岁，会骑电动车，会使用手机导航，身体健康，无犯罪记录。3.送餐距离:3公里左右。4.上班时间:(午高峰)10:00--14:00(晚高峰)17:00--21:00每天工作8小时左右5.工资待遇:综合单价，5--15元，月收入上不封顶多劳多得!!每月20号发工资，打到银行卡上，可预支工资6.福利补贴:住房，电动车，话补，全勤，早晚班，准时率，节假日，高温补贴，恶劣天气，距离，大额，工龄，冲单奖，年终奖7.其他福利:1为骑手缴纳意外险2传统节日发放节日礼品
广州壹城网络科技有限公司,今天,45,0,送餐员/外卖骑手,7214-13254元/月,招骑手包住0押金+配车,日结工资 周结工资 月结工资 随时提现到账 不需要 饿了么 包住 房补 话补 五险一金 交通补助 饭补 年底双薪 时间自由 站点配车有住宿 距离重量补贴,招20人 学历不限 经验不限，可接收应届生,西安 - 新城 - 韩森寨 西安新城爱民路173号西安市新城区韩森寨街道办事处 查看地图,【招聘岗位】：外卖配送员主要配送鲜花，牛奶，蛋糕，生活用品，餐品等等。公司无费用配 车，就近分配站点，每个站点都有宿舍，宿舍都是小区内三室一厅，冬天有暖气，可洗澡， 有热水，环境良好。【工资待遇】：底薪3000+每单提成 6--12元不等，平均每天接单量在 30-70单左右，上不封顶，综合薪资在 6000-10000 元，上不封顶【额外补贴】：重量补贴+远距离补贴+大额订单补贴+周奖励+单量补贴+优秀员工奖+单王奖励等。【工作区域】：西安三环之内都可以就近安排站点。【工作时间】：10:00--14:00，17:00--21:00。中间 3-4 个小时休息时间，可以自行选择加班，加班有补贴。职位要求：会骑电动车，会使用导航，年龄在 18-50岁之间，无案底，身体健康，一码通正常。【岗位职责】：接到系统派单，到商家取餐，按照导航在一定时间范围内给顾客送到，配送范围 3 公里之内。新人上岗会有老骑手带跑。无须担心没有经验。【晋升路径】：骑手-组长-调度-站长-运营经理 公司给员工缴纳商业险，医疗险，人身意外险，如遇特殊情况可报销，大家可放心上班。有意向者可直接投递简历！！投递简历时请注意隐私保护！也可打电话直接沟通！
重庆欧速达企业管理有限公司（饿了么配送合作商）,今天,42,4,送餐员/外卖骑手,9000-15000元/月,西安高薪骑手包车住,包住 话补 饭补 加班补助 房补 交通补助 五险一金,招10人 学历不限 经验不限,西安 - 雁塔 西安雁塔雁塔区枫林路尚品格蓝小区菜鸟驿站 查看地图,职位描述【全城站点直招外卖骑手送餐员（新手外卖骑手可以老骑手一带一上岗培训），免费提供配车一一不收任何押金——不收取任何费用 ，零费用入职！！！工作内容：1、送餐员负责接外卖系统派的订单，按照订单信息准确及时地将餐品送到客户手中。2、配送的物品：外卖食品，配送范围三公里以内3、新员工入职，有老员工带。【招聘条件】1、18周岁-45周岁，品行端正，无案底2、有无经验均可，要求会骑电动车，会使用智能手机导航。3、公司不收取任何押金，不以任何形式扣员工工资等行为。【薪资待遇】单价6-10元/单，每天35到60单=月薪 6000-12000左右.（多劳多得，接单越多提成越高，五星好评，另有平台大额单，远距离单补助)公司派单，单量充足…（配送范围3公里之内，新人入职有老员工带。只要愿意干、只要肯吃苦、肯定让你挣到钱）正常干 6000元左右稍微努力 8000元左右使劲干 10000元以上年轻人嘛，连一个尝试的机会都不给自己，何提奋斗一说？【工作地点】全西安就近分配站点【其他福利】（1）传统节日发放节日礼品【任职资格】1、有无经验均可，只要你会骑电动车（我们只看你是否有意愿）2、学历不是你的硬指标（我们只看能力，只认付出）3、有良好的服务意识、综合素质（相信自己！）4、能吃苦耐劳、有强烈的企图心（目标需要靠自己的付出去实现）
重庆欧速达企业管理有限公司（饿了么配送合作商）,今天,284,4,送餐员/外卖骑手,6000-10000元/月,西安高薪骑手包车住速来,包住 话补 饭补 加班补助 房补 交通补助 五险一金,招10人 学历不限 经验不限,西安 - 碑林 西安碑林草场坡三五三八厂 查看地图,职位描述【全城站点直招外卖骑手送餐员（新手外卖骑手可以老骑手一带一上岗培训），免费提供配车一一不收任何押金——不收取任何费用 ，零费用入职！！！工作内容：1、送餐员负责接外卖系统派的订单，按照订单信息准确及时地将餐品送到客户手中。2、配送的物品：外卖食品，配送范围三公里以内3、新员工入职，有老员工带。【招聘条件】1、18周岁-45周岁，品行端正，无案底2、有无经验均可，要求会骑电动车，会使用智能手机导航。3、公司不收取任何押金，不以任何形式扣员工工资等行为。【薪资待遇】单价6-10元/单，每天35到60单=月薪 6000-12000左右.（多劳多得，接单越多提成越高，五星好评，另有平台大额单，远距离单补助)公司派单，单量充足…（配送范围3公里之内，新人入职有老员工带。只要愿意干、只要肯吃苦、肯定让你挣到钱）正常干 6000元左右稍微努力 8000元左右使劲干 10000元以上年轻人嘛，连一个尝试的机会都不给自己，何提奋斗一说？【工作地点】全西安就近分配站点【其他福利】（1）传统节日发放节日礼品【任职资格】1、有无经验均可，只要你会骑电动车（我们只看你是否有意愿）2、学历不是你的硬指标（我们只看能力，只认付出）3、有良好的服务意识、综合素质（相信自己！）4、能吃苦耐劳、有强烈的企图心（目标需要靠自己的付出去实现）
